<?xml version="1.0" encoding="UTF-8" ?>
<!DOCTYPE mapper PUBLIC "-//mybatis.org//DTD Mapper 3.0//EN"
  "http://mybatis.org/dtd/mybatis-3-mapper.dtd">

<mapper namespace="BoardPhotoDAO">
	<insert id="insertBoardPhoto" parameterType="boardphoto">
		INSERT INTO photo VALUES(#{bp_fullpath})
	</insert>
	
	<select id="getBoardListPhoto" resultType="boardphoto">
		<![CDATA[
		select * from photo
		]]> 
	</select>
<!-- 	<update id="updatePhoto" parameterType="member">
		UPDATE MEMBER SET M_TITLE=#{p_no} where ID=#{p_no}
	</update>
	<delete id="deleteMember" parameterType="member">
		DELETE FROM MEMBER WHERE M_ID=#{m_id}
	</delete> -->
	<!-- <select id="getNickNameUser" parameterType="user" resultType="user">
		SELECT * FROM USERS WHERE NICKNAME=#{nickName}
	</select> -->
</mapper>
	